date,price,usdt_volume,ether_volume
2019-11-01 20:00:00,182.85039307,1701034.06178947,9287.87220356
2019-11-02 20:00:00,181.67026876,1299919.75972024,7153.80549824
2019-11-03 19:00:00,185.72160169,3521327.47281691,19114.38160628
2019-11-04 19:00:00,188.81000186,3273923.0813311,17487.27032547
2019-11-05 19:00:00,191.08496549,3706469.55601441,19468.43683536
2019-11-06 19:00:00,186.7,3490088.27838393,18590.1560699
2019-11-07 19:00:00,183.86614695,3072739.91847555,16625.44776399
2019-11-08 19:00:00,184.88856071,3600281.18238554,19509.98878891
2019-11-09 19:00:00,189.01203551,5315043.5285444,28298.27239703
2019-11-10 19:00:00,185.03076881,4516752.41664498,24184.48084006
2019-11-11 19:00:00,187.13342212,4793112.13747519,25822.07081015
2019-11-12 19:00:00,188.1762493,3205526.89421065,17129.40188007
2019-11-13 19:00:00,184.84310695,3525048.47178787,19000.72218057
2019-11-14 19:00:00,180.07526383,5155742.7180264,28351.55898084
2019-11-15 19:00:00,182.46518592,2500672.14870748,13789.96601081
2019-11-16 19:00:00,183.81069987,2755768.38496022,14986.03467308
2019-11-17 19:00:00,178.41983647,2998514.03762263,16564.95319962
2019-11-18 19:00:00,175.78449165,2738395.21422392,15591.28327926
2019-11-19 19:00:00,174.7124,2327483.38615232,13246.10214814
2019-11-20 19:00:00,161.08379959,4248124.53101497,25616.55639909
2019-11-21 19:00:00,149.58245085,7562695.97830258,49644.05060039
2019-11-22 19:00:00,151.66640729,3554428.3604708,23585.99160758
2019-11-23 19:00:00,140.08598309,4010860.08416174,27228.95425409
2019-11-24 19:00:00,145.6123714,4462011.61729339,31226.22078393
2019-11-25 19:00:00,147.4917999,4991760.2693435,34109.45089868
2019-11-26 19:00:00,152.4898,5106985.22212624,34744.86376935
2019-11-27 19:00:00,150.79529999,1626665.85137455,10699.10402167
2019-11-28 19:00:00,154.45593417,1584187.80447364,10276.98890542
2019-11-29 19:00:00,151.63269987,1089651.54913346,7159.89152349
2019-11-30 19:00:00,150.8086,1467823.12105756,9862.6042248
2019-12-01 19:00:00,148.86999997,1150856.92862639,7729.30251794
2019-12-02 19:00:00,147.25926276,1530428.37964609,10333.22187368
2019-12-03 19:00:00,145.3,2772966.4188334,18893.73050871
2019-12-04 19:00:00,147.95918367,2919442.85947729,19912.84604988
2019-12-05 19:00:00,148.50324221,1828287.0270472,12402.17857013
2019-12-06 19:00:00,147.10562829,1104602.84190987,7462.79039911
2019-12-07 19:00:00,150.44672815,4113843.68486546,27701.35140505
2019-12-08 19:00:00,147.37981034,3320204.69235782,22255.52631185
2019-12-09 19:00:00,145.51020408,2992262.32548237,20461.70353273
2019-12-10 19:00:00,143.33,4199841.64259692,29054.33093282
2019-12-11 19:00:00,144.88000001,4996824.90248429,34887.64792466
2019-12-12 19:00:00,144.82761188,4432936.93810314,30705.84654954
2019-12-13 19:00:00,141.85430295,5121075.77217519,35733.92020399
2019-12-14 19:00:00,142.51869334,9281964.10896801,65308.84413714
2019-12-15 19:00:00,132.75436143,5587030.9341234,40353.59921756
2019-12-16 19:00:00,121.98207286,5759549.23477148,44873.85481409
2019-12-17 19:00:00,132.71473437,6371306.87820212,51142.26922021
2019-12-18 19:00:00,128.13804681,4485405.92430453,35182.21891399
2019-12-19 19:00:00,128.21590216,5192752.96798376,40735.33785751
2019-12-20 19:00:00,127.02774758,4655774.91450917,36593.07643371
2019-12-21 19:00:00,132.02937126,5687185.73616063,43828.24753149
2019-12-22 19:00:00,127.90627238,6215557.14115251,47050.00229563
2019-12-23 19:00:00,127.75573255,5034736.96426058,39331.82576167
2019-12-24 19:00:00,125.14999997,4114901.38606882,32896.61514519
2019-12-25 19:00:00,125.71949989,5758929.20576901,45514.74892801
2019-12-26 19:00:00,126.28820644,4470601.29741671,35646.61838424
2019-12-27 19:00:00,128.09981876,4611965.6913683,36051.98111978
2019-12-28 19:00:00,134.41223478,5299664.41538577,40455.11582218
2019-12-29 19:00:00,131.62077057,4638679.77278904,34890.66410225
2019-12-30 19:00:00,129.14109689,4730335.19012252,36180.29751192
2019-12-31 19:00:00,130.66821479,4585569.18721032,34928.59173478
2020-01-01 19:00:00,127.20999996,5045582.24085538,39310.02360279
2020-01-02 19:00:00,134.54884259,8995059.64506947,68884.95272851
2020-01-03 19:00:00,134.17439463,5820436.04258346,43542.89663849
2020-01-04 19:00:00,135.42287283,7868584.21887369,57796.70223354
2020-01-05 19:00:00,144.17792225,10185920.75158949,72746.49061904
2020-01-06 19:00:00,142.86972564,7983261.6989863,55999.17400134
2020-01-07 19:00:00,140.59861832,7256829.41584917,50929.64477325
2020-01-08 19:00:00,137.82794923,7094465.35183731,51230.01794071
2020-01-09 19:00:00,144.87190633,7434862.52735993,53101.05131026
2020-01-10 19:00:00,142.53904196,5460286.82109719,37841.83057841
2020-01-11 19:00:00,146.53940234,5180111.46549035,36008.97043084
2020-01-12 19:00:00,143.54603422,5065059.68457089,35131.92998623
2020-01-13 19:00:00,165.80513919,14731893.4817997,95889.34938036
2020-01-14 19:00:00,166.3076731,10842863.53553081,65802.95358879
2020-01-15 19:00:00,164.09186818,11312750.50284136,69694.77230814
2020-01-16 19:00:00,169.92502874,16811854.99604301,99389.75279202
2020-01-17 19:00:00,174.10771605,13121613.74846108,76089.79180663
2020-01-18 19:00:00,166.81222585,13500382.86830031,79530.19589393
2020-01-19 19:00:00,166.85806609,9906701.34138155,59805.07748793
2020-01-20 19:00:00,169.47727249,9355304.02948353,55815.49144218
2020-01-21 19:00:00,168.06896188,9557101.34380419,56770.88807291
2020-01-22 19:00:00,162.79717713,9329186.06538753,57160.46999317
2020-01-23 19:00:00,162.63977999,8075797.24294678,50282.32446051
2020-01-24 19:00:00,160.38749904,6618662.59183495,41312.35804774
2020-01-25 19:00:00,167.92331066,7349134.78272291,44905.76668226
2020-01-26 19:00:00,170.0257804,10251982.0350519,60651.50376631
2020-01-27 19:00:00,175.80113192,12742916.68054142,73987.32350635
2020-01-28 19:00:00,173.84420006,10205791.13332562,57865.37520364
2020-01-29 19:00:00,184.72381145,12329615.97104,69562.7805213
2020-01-30 19:00:00,179.97716845,10882018.67800612,60143.10884015
2020-01-31 19:00:00,183.67882983,9575256.07271684,52544.76552571
2020-02-01 19:00:00,188.46709233,13308027.03767347,70891.71056195
2020-02-02 19:00:00,189.82165875,12190749.86812375,64165.71735702
2020-02-03 19:00:00,188.93636258,11409464.03882913,60753.24926162
2020-02-04 19:00:00,203.71594211,13376371.40681634,67819.47507226
2020-02-05 19:00:00,213.19265249,16539531.46301016,78932.16203108
2020-02-06 19:00:00,223.49775321,10719373.97912265,48840.91067808
2020-02-07 19:00:00,223.16772385,8557293.33204782,38411.16744421
2020-02-08 19:00:00,228.66060953,8423924.91589426,37014.62086418
2020-02-09 19:00:00,222.99461935,7826582.52398565,35304.2852997
2020-02-10 19:00:00,236.73754734,11727923.41496134,51552.84839366
2020-02-11 19:00:00,265.76977717,14087280.92198867,54412.66628413
2020-02-12 19:00:00,268.51345538,16349965.60131446,61029.83578649
2020-02-13 19:00:00,285.44498531,12411950.60327133,45641.06631796
2020-02-14 19:00:00,264.76445003,14513313.89353239,53043.9713365
2020-02-15 19:00:00,259.06350241,17044101.39259235,66386.99077294
2020-02-16 19:00:00,267.80067549,12437159.70902309,49310.80914584
2020-02-17 19:00:00,282.61574476,15379156.98422762,56292.83094433
2020-02-18 19:00:00,258.60438828,13108795.97545091,47816.01413928
2020-02-19 19:00:00,257.15737181,16110213.15831168,62864.74267641
2020-02-20 19:00:00,265.20856856,10915685.36056111,41728.42293839
2020-02-21 19:00:00,261.62250222,6479168.01958569,24770.2289579
2020-02-22 19:00:00,274.64000004,4965484.46725279,18430.62048326
2020-02-23 19:00:00,265.57183088,13764220.21024508,51576.46229505
2020-02-24 19:00:00,246.78347813,9935578.08429523,38964.11041919
2020-02-25 19:00:00,223.85067174,18429485.47530016,79052.82674504
2020-02-26 19:00:00,227.55102,12835102.6526386,56877.27011996
2020-02-27 19:00:00,226.8504815,12368076.25659109,55299.25363791
2020-02-28 19:00:00,217.48,5650634.95854128,25079.86926379
2020-02-29 19:00:00,217.725,11911668.37515824,54390.3754074
2020-03-01 19:00:00,231.80764019,12506810.26445197,55312.05695567
2020-03-02 19:00:00,223.84406994,11423894.60823773,50542.06819218
2020-03-03 19:00:00,224.3416465,8766514.61823608,39094.50349863
2020-03-04 19:00:00,228.54363982,8794266.73021255,38322.27095305
2020-03-05 19:00:00,244.875,8173376.6544639,34517.82017766
2020-03-06 19:00:00,237.25,7621336.34034324,31385.48738736
2020-03-07 19:00:00,198.65289089,28630604.1423218,132003.48460993
2020-03-08 20:00:00,202.8955718,29412283.26131157,146078.356938
2020-03-09 20:00:00,200.545,8359356.32425361,41492.22927835
2020-03-10 20:00:00,194.50512171,12382869.77557257,64274.90546055
2020-03-11 20:00:00,108.1468583,21782418.71528,145119.0722861
2020-03-12 20:00:00,134,9880007.27008185,82612.73373932
2020-03-13 20:00:00,122.58102461,2064790.25439285,16114.52707763
2020-03-14 20:00:00,123.86281563,2968028.32385267,23808.77924432
2020-03-15 20:00:00,110.97545022,6099176.12572771,55172.81925865
2020-03-16 20:00:00,115.5406,3553925.75226064,30489.4016912
2020-03-17 20:00:00,118.12667579,3300849.55655054,28920.47711624
2020-03-18 20:00:00,136.65522934,6759164.86453685,52329.63720705
2020-03-19 20:00:00,133.30778385,11743451.8919533,85479.3226637
2020-03-20 20:00:00,132.53123785,6121979.33536348,46422.89372142
2020-03-21 20:00:00,122.45,4616650.27646806,35982.19402989
2020-03-22 20:00:00,135.95698933,5117892.23362525,39813.75563631
2020-03-23 20:00:00,138.47808498,5881046.04296856,42861.26659031
2020-03-24 20:00:00,136,6131126.95333772,44737.28054516
2020-03-25 20:00:00,138.51246473,4016631.06931157,29623.69072319
2020-03-26 20:00:00,131.38349894,2925817.80596384,21533.3307518
2020-03-27 20:00:00,130.98770265,4327822.06090113,33708.92462805
2020-03-28 20:00:00,124.49888999,2265755.42300445,17785.08657566
2020-03-29 20:00:00,132.06222114,3079070.24639388,23513.80220539
2020-03-30 20:00:00,132.86700001,2683201.86557619,20247.86408504
2020-03-31 20:00:00,135.6809081,4075275.46990061,30829.30071559
2020-04-01 20:00:00,141.40196269,7280336.78680611,51911.84168453
2020-04-02 20:00:00,141.36715519,4812601.64391424,33777.26341631
2020-04-03 20:00:00,144.13497635,3637693.36372449,25584.34535422
2020-04-04 20:00:00,142.61456162,2251357.90960922,15731.45624421
2020-04-05 20:00:00,171.21476538,8856982.04194692,56618.40083153
2020-04-06 20:00:00,164.64745972,8086024.85346603,47522.85868313
2020-04-07 20:00:00,172.94699687,6897117.06619676,40627.19862192
2020-04-08 20:00:00,169.73340364,4551973.3178937,26806.48957193
2020-04-09 20:00:00,157.88239405,8102067.08307368,50802.25158656
2020-04-10 20:00:00,158.34571257,3594954.71960032,22744.52426548
2020-04-11 20:00:00,158.40818631,8189107.46363654,51090.36764054
2020-04-12 20:00:00,156.36219368,8353519.43026543,54314.2970475
2020-04-13 20:00:00,158.46,4874994.41245383,30777.56580534
2020-04-14 20:00:00,152.87809337,3334382.16142863,21215.82366518
2020-04-15 20:00:00,172.27550194,9857047.2445984,59381.04640176
2020-04-16 20:00:00,170.69620485,4574117.00671661,26776.51404389
2020-04-17 20:00:00,187.4276399,6412816.17048932,35597.70266123
2020-04-18 20:00:00,180.02,6027421.15455108,33085.18523584
2020-04-19 20:00:00,170.35,9405111.74510097,53255.60736482
2020-04-20 20:00:00,170.72114493,6292670.94959493,36734.32018118
2020-04-21 20:00:00,182.70031754,4688457.12968603,26286.50452539
2020-04-22 20:00:00,188.80230257,6005637.61490734,32278.74054134
2020-04-23 20:00:00,187.44971749,4126043.33800438,22016.48434624
2020-04-24 20:00:00,194.28823345,5715689.35564995,29505.49529125
2020-04-25 20:00:00,197.5178084,5710684.18912277,29234.79447656
2020-04-26 20:00:00,196.43118816,4868896.29851064,25027.88944979
2020-04-27 20:00:00,196.36944354,4940624.86654847,25291.13257001
2020-04-28 20:00:00,215.35098483,12874439.31728047,61635.63487716
2020-04-29 20:00:00,206.35436145,15738186.829521,73573.19781422
2020-04-30 20:00:00,212.06762153,11207853.14241367,52994.92880161
2020-05-01 20:00:00,213.69914758,5613932.90867797,26390.48051676
2020-05-02 20:00:00,209.81369241,9555436.97572636,44950.27536326
2020-05-03 20:00:00,206.58663091,10890449.34145586,53755.10486987
2020-05-04 20:00:00,205.35072249,6850489.5071916,33358.76103404
2020-05-05 20:00:00,199.08163265,8074609.42139507,39152.42576738
2020-05-06 20:00:00,211.80220693,9726748.31953158,47124.63433399
2020-05-07 20:00:00,211.45302593,5635989.85471784,26622.58469782
2020-05-08 20:00:00,210.1748514,5925905.07518955,28005.21487841
2020-05-09 20:00:00,187.58602404,16230244.93147602,86005.04991363
2020-05-10 20:00:00,185.67492796,11959629.53300592,64252.92190157
2020-05-11 20:00:00,189.85287081,4754737.25377178,25113.58632676
2020-05-12 20:00:00,199.60580779,2998638.3346463,15436.74811513
2020-05-13 20:00:00,203.13106065,7214882.89294041,35814.34278032
2020-05-14 20:00:00,194.805,9050353.09962568,45501.76752621
2020-05-15 20:00:00,200.45719122,3722681.30082065,18623.63971566
2020-05-16 20:00:00,207.05940415,5502254.20324203,26949.17619363
2020-05-17 20:00:00,214.86872345,8304655.79166152,39046.68845472
2020-05-18 20:00:00,214.5,4403121.07263873,20698.41208573
2020-05-19 20:00:00,209.87013855,4814507.37164236,22827.05620128
2020-05-20 20:00:00,198.70943607,7578793.1035862,37401.63768579
2020-05-21 20:00:00,207.26603399,6499395.7684071,32065.5336211
2020-05-22 20:00:00,206.64038294,3524405.60758375,16977.22807365
2020-05-23 20:00:00,199.6285,6948014.79568351,33731.84473872
2020-05-24 20:00:00,204.06672089,5818149.04747342,28679.78801001
2020-05-25 20:00:00,200.99100015,5269860.4201554,26165.29134213
2020-05-26 20:00:00,208.25980913,4906678.91361882,23935.64619819
2020-05-27 20:00:00,220.35542337,7101600.68268794,33684.33444337
2020-05-28 20:00:00,220.55249551,7016406.7929162,31791.08282081
2020-05-29 20:00:00,243.57312834,8205079.3162545,35067.71342205
2020-05-30 20:00:00,231.67616681,6410956.38383822,27098.33197235
2020-05-31 20:00:00,247.81,9428085.97050108,39289.76455511
2020-06-01 20:00:00,237.77539384,9273138.85984196,38541.55120727
2020-06-02 20:00:00,244.52210332,6505045.40269397,27241.44767601
2020-06-03 20:00:00,243.3030686,5894041.99530577,24242.70976198
2020-06-04 20:00:00,240.15823695,6231782.01131343,25656.50683612
2020-06-05 20:00:00,241.98945379,4134980.95465158,17145.85135673
2020-06-06 20:00:00,244.5842966,4466836.97247607,18581.04487078
2020-06-07 20:00:00,246.44746115,3425934.31200104,14039.84196984
2020-06-08 20:00:00,243.88895496,4722365.04387864,19343.95337591
2020-06-09 20:00:00,247.89826715,5132846.89108856,20901.86647546
2020-06-10 20:00:00,230.43263929,7090228.02759549,29949.33662572
2020-06-11 20:00:00,237.61754369,1683711.84139071,7157.72606346
2020-06-12 20:00:00,238.07426949,680856.00772689,2876.23480351
2020-06-13 20:00:00,231.73849147,1813000.54594765,7722.81701755
2020-06-14 20:00:00,230.64828272,6182648.37875418,27395.97113325
2020-06-15 20:00:00,235.17763167,2058521.98743656,8827.04784682
2020-06-16 20:00:00,233.8132453,1822136.71142655,7838.90536202
2020-06-17 20:00:00,231.25155141,1478346.70995168,6387.7753035
2020-06-18 20:00:00,228.90717627,2038830.33552823,8894.00326661
2020-06-19 20:00:00,228.79021187,1427892.27369441,6257.99241223
2020-06-20 20:00:00,228.01510552,1088060.15747207,4736.41739331
2020-06-21 20:00:00,243.16409321,4017870.29927349,16802.3088049
2020-06-22 20:00:00,243.16165254,2182910.661689,8977.6401544
2020-06-23 20:00:00,234.71776926,5295112.55210839,22139.79134887
2020-06-24 20:00:00,232.44366254,4974292.46674617,21390.83459337
2020-06-25 20:00:00,229.64184705,4329030.35992168,18802.99182852
2020-06-26 20:00:00,220.89353827,6898452.22981697,30741.95670236
2020-06-27 20:00:00,225,2053247.17572503,9258.18794714
2020-06-28 20:00:00,227.95074313,3695218.22076093,16450.43061821
2020-06-29 20:00:00,225.59564734,3318458.06284641,14680.00608823
2020-06-30 20:00:00,230.84829724,2264232.28894256,9925.59005958
2020-07-01 20:00:00,226.43441749,2557070.75966736,11253.77072795
2020-07-02 20:00:00,224.95075121,3408821.49144244,15038.50396451
2020-07-03 20:00:00,229.21011214,3137988.61474566,13841.56767402
2020-07-04 20:00:00,227.6246759,1974627.10891072,8741.99192686
2020-07-05 20:00:00,241.52833695,5422616.24468355,22994.8865227
2020-07-06 20:00:00,239.40455214,3653513.36871313,15306.05719596
2020-07-07 20:00:00,247.03696006,5289906.22665848,21741.6911929
2020-07-08 20:00:00,242.08299864,4900228.27085672,20183.28851206
2020-07-09 20:00:00,240.89820465,2318930.63999861,9703.26604223
2020-07-10 20:00:00,239.11386668,793188.75923645,3313.7917038
2020-07-11 20:00:00,242.63502303,2021383.79456195,8425.15788016
2020-07-12 20:00:00,239.64847321,3059121.9813416,12666.44599511
2020-07-13 20:00:00,240.42831148,2582075.68750365,10773.78208117
2020-07-14 20:00:00,238.65044005,2370921.26197561,9927.25309971
2020-07-15 20:00:00,233.58200345,3797921.81018198,16273.14777862
2020-07-16 20:00:00,232.77110362,1605546.59861256,6887.39132466
2020-07-17 20:00:00,235.54711376,1395990.37013802,5966.91059833
2020-07-18 20:00:00,238.78659136,1308663.76368885,5567.9357848
2020-07-19 20:00:00,236.01776733,1978517.07804916,8328.22119298
2020-07-20 20:00:00,245.5,3265528.47097662,13507.27359056
2020-07-21 20:00:00,263.61700882,5179262.32379097,20809.67618698
2020-07-22 20:00:00,275.39466776,10105108.25908243,37694.6808976
2020-07-23 20:00:00,279.15189021,11007624.31662625,39758.65451141
2020-07-24 20:00:00,305.21793765,7190994.17165747,24746.36868016
2020-07-25 20:00:00,311.06822884,8468649.35288618,27407.41495419
2020-07-26 20:00:00,321.7286032,13312149.75651606,41392.01563919
2020-07-27 20:00:00,316.6316383,11152847.77736038,35247.3481057
2020-07-28 20:00:00,317.7195695,5613815.57967558,17502.53057645
2020-07-29 20:00:00,334.75865937,7818654.48354126,24109.22346436
2020-07-30 20:00:00,346.41483297,6367489.62232409,18621.27583611
2020-07-31 20:00:00,386.93254782,10413073.97282282,28339.74091197
2020-08-01 20:00:00,372.29778784,30064638.81405025,79922.62353493
2020-08-02 20:00:00,385.8,9569611.86576274,24706.84659876
2020-08-03 20:00:00,389.43899996,8289124.41585484,21227.37049872
2020-08-04 20:00:00,400.71840523,6660612.12230892,16818.33829381
2020-08-05 20:00:00,394.8836636,5836934.11256263,14732.84960854
2020-08-06 20:00:00,379.28253946,9283052.30694046,24221.53879744
2020-08-07 20:00:00,397.03075688,4016157.71203598,10374.69771497
2020-08-08 20:00:00,390.0974423,4454393.55861528,11406.15622621
2020-08-09 20:00:00,395.704772,5304369.88361687,13464.04981691
2020-08-10 20:00:00,379.58716954,7510885.08311394,19567.46554493
2020-08-11 20:00:00,387.02780037,5904401.62360607,15539.41576104
2020-08-12 20:00:00,424.14305836,11646498.29363261,29127.51573718
2020-08-13 20:00:00,437.87667403,8588180.30067119,19918.61831095
2020-08-14 20:00:00,432.20365109,5444218.19985327,12526.66034917
2020-08-15 20:00:00,433.69697079,6987864.22443549,16437.3160241
2020-08-16 20:00:00,430.65319999,7848564.00453273,18175.64985857
2020-08-17 20:00:00,422.00565084,8613012.56047497,20251.6707388
2020-08-18 20:00:00,407.63762877,11970235.92728347,29312.63121192
2020-08-19 20:00:00,415.75640555,6563629.2258304,15991.19177394
2020-08-20 20:00:00,387.52804774,9190217.50196505,22806.80485311
2020-08-21 20:00:00,396.00207354,3325891.36487003,8553.46537928
2020-08-22 20:00:00,390.88200001,3176977.86503968,8139.54576555
2020-08-23 20:00:00,407.91950399,6451456.60368681,16056.5788183
2020-08-24 20:00:00,383.01626899,11282481.08767222,29237.75301659
2020-08-25 20:00:00,385.64373661,9129568.53206998,23672.8749403
2020-08-26 20:00:00,383.2,10175139.17445343,26574.73154109
2020-08-27 20:00:00,395.28376342,4235665.98131168,10854.27933157
2020-08-28 20:00:00,398.56498656,5021123.20842269,12549.09276404
2020-08-29 20:00:00,429.24069865,7205280.45717441,17377.94389215
2020-08-30 20:00:00,433.70820263,8434692.87827634,19602.52318635
2020-08-31 20:00:00,475.95105001,15239317.88523946,32763.94767712
2020-09-01 20:00:00,439.8,20615363.8028793,45846.23876596
2020-09-02 20:00:00,381.25920813,19059487.04452793,46457.31217216
2020-09-03 20:00:00,385.30011841,13092692.04740305,34033.11802805
2020-09-04 20:00:00,335.35268019,18295064.5982103,53126.18328157
2020-09-05 20:00:00,352.6594415,19900252.34960059,58367.26978143
2020-09-06 20:00:00,353.60082803,13540006.03243358,39476.89822719
2020-09-07 20:00:00,337.34439736,7842167.64350448,23081.59581656
2020-09-08 20:00:00,350.84435719,6625487.36981744,19119.76696297
2020-09-09 20:00:00,367.76981683,9250390.38764376,25148.18656847
2020-09-10 20:00:00,373.7445509,4542850.75093984,12436.92027774
2020-09-11 20:00:00,387.79351064,2863233.98952138,7618.12816378
2020-09-12 20:00:00,366.3343,5402613.7594316,14615.55292912
2020-09-13 20:00:00,377.1314887,7148140.72104791,19200.25323994
2020-09-14 20:00:00,363.96110747,6657698.92919215,17898.3290528
2020-09-15 20:00:00,365.00827093,5855663.58810317,16133.06737879
2020-09-16 20:00:00,389.30199021,7434152.49329279,19511.61728741
2020-09-17 20:00:00,384.32824784,3919664.06994815,10254.07544661
2020-09-18 20:00:00,385.14280437,2230607.71781013,5829.96461701
2020-09-19 20:00:00,370.83503949,3745370.60519544,10049.29444275
2020-09-20 20:00:00,340,12443635.25414271,35690.23366583
2020-09-21 20:00:00,344.20286793,8446205.19869488,24713.35933212
2020-09-22 20:00:00,320.3886,6837275.97818572,20670.79067651
2020-09-23 20:00:00,349.036,6191315.7629297,18385.00016388
2020-09-24 20:00:00,351.71238269,4744316.3986104,13708.95367532
2020-09-25 20:00:00,353.77963329,3449360.72607342,9799.58101401
2020-09-26 20:00:00,357.4,4243023.29052666,11955.76359376
2020-09-27 20:00:00,353.8681247,5790235.2554551,16060.79049791
2020-09-28 20:00:00,359.35810625,2678441.6194395,7555.45211165
2020-09-29 20:00:00,359.25389083,3320745.50259363,9318.4107108
2020-09-30 20:00:00,353.18040207,7208231.43053466,20113.18970405
2020-10-01 20:00:00,345.38218078,6127383.79055485,17882.98808477
2020-10-02 20:00:00,345.8317757,2219647.20045852,6394.4511807
2020-10-03 20:00:00,352.45442951,2631149.62775895,7555.80859671
2020-10-04 20:00:00,353.27956753,2088458.79698425,5934.5722598
2020-10-05 20:00:00,340.60151039,4799944.02276959,13842.09554846
2020-10-06 20:00:00,341.73913043,1963851.41213838,5785.3371356
2020-10-07 20:00:00,350.60773946,3577467.70525607,10431.05674739
2020-10-08 20:00:00,364.97092303,7960576.52306771,22055.22614704
2020-10-09 20:00:00,370.79990954,4712212.34771787,12648.25208202
2020-10-10 20:00:00,374.15843917,3960547.46014421,10612.3973919
2020-10-11 20:00:00,386.7,5843950.44543888,15372.04036547
2020-10-12 20:00:00,381.02630898,5839078.02414106,15289.89149027
2020-10-13 20:00:00,379.178,7905307.15484573,20788.77375275
2020-10-14 20:00:00,377.44057958,4594343.72702758,12216.68309294
2020-10-15 20:00:00,365.33164248,7221170.73053317,19613.5164119
2020-10-16 20:00:00,368.38664853,2795165.28052631,7611.31853384
2020-10-17 20:00:00,378.02264212,2647617.62660034,7078.69840136
2020-10-18 20:00:00,379.05334757,4144144.05256741,10973.95532854
2020-10-19 20:00:00,368.37272905,5374921.92977938,14463.84789258
2020-10-20 20:00:00,391.0987093,9882311.11101158,25575.22062685
2020-10-21 20:00:00,413.97092,13254676.30296823,32643.48185103
2020-10-22 20:00:00,409.16195667,5224818.11439547,12728.93750761
2020-10-23 20:00:00,412.23033669,3124044.07946176,7576.17436525
2020-10-24 20:00:00,405.56080503,3658124.23282829,8951.29684395
2020-10-25 20:00:00,392.82455263,8612432.60507737,21665.53410724
2020-10-26 20:00:00,403.74643532,4773700.68757729,11894.73310555
2020-10-27 20:00:00,388.5780829,6139516.98822124,15675.04214873
2020-10-28 20:00:00,386.46453704,4037792.38763793,10415.56308556
2020-10-29 20:00:00,382.29947283,3595605.47280914,9442.66844884
2020-10-30 20:00:00,386.49934668,3399208.30711533,8779.69881309
2020-10-31 20:00:00,396.4,2864226.12804735,7341.01126445
2020-11-01 19:00:00,383.34746211,5300247.86606076,13607.57059205
2020-11-02 19:00:00,387.77695215,5066455.20221768,13315.88851988
2020-11-03 19:00:00,402.0555,7467945.62665248,19005.94598641
2020-11-04 19:00:00,416.4720679,6646957.94956085,16284.13830955
2020-11-05 19:00:00,455.9481,10334347.43174062,23615.40177703
2020-11-06 19:00:00,435.2492579,15460816.08548382,34474.93947272
2020-11-07 19:00:00,454.22253547,6317320.83450277,14162.7938159
2020-11-08 19:00:00,444.1,10153736.51487127,22738.31892005
2020-11-09 19:00:00,450.34301525,5067358.3717554,11319.49335054
2020-11-10 19:00:00,463.82214037,5915126.56879818,12748.06988732
2020-11-11 19:00:00,462.29249068,6530870.98047264,14188.76690495
2020-11-12 19:00:00,476.48724403,5224606.34966605,11173.20510572
2020-11-13 19:00:00,460.63627608,5491289.38111765,11901.30934349
2020-11-14 19:00:00,448.36278339,3885265.73908137,8555.39413256
2020-11-15 19:00:00,460.1468004,4830891.77078355,10561.44599559
2020-11-16 19:00:00,482.39077527,8904755.97503509,18913.86956816
2020-11-17 19:00:00,478.16777602,17929051.43995541,37674.29156656
2020-11-18 19:00:00,471.4151877,8235817.38099673,17397.22036072
2020-11-19 19:00:00,510.12018113,12744272.41962712,25639.61770564
2020-11-20 19:00:00,552.68,15736358.67646909,29990.571131
2020-11-21 19:00:00,559.92596725,19977720.06362214,36483.23286863
2020-11-22 19:00:00,608.8687483,24669378.60290907,41988.2427914
2020-11-23 19:00:00,605.01694965,20775702.11865026,34225.32765259
2020-11-24 19:00:00,570.06620703,11989714.4639753,20419.8785481
2020-11-25 19:00:00,519.60435013,29140763.68624761,56681.08594211
2020-11-26 19:00:00,518.50902114,10799434.30784817,21038.4987889
2020-11-27 19:00:00,538.06904251,10554780.94105299,19965.03993783
2020-11-28 19:00:00,575.59304442,11157668.36381642,20221.52024524
2020-11-29 19:00:00,616.536735,20396838.66180521,34315.65502037
2020-11-30 19:00:00,585.28,28851800.46698932,48105.82775919
2020-12-01 19:00:00,597.61278895,15589643.32586179,26329.62842199
2020-12-02 19:00:00,616.24757228,11291229.03573176,18578.71429725
2020-12-03 19:00:00,567.78627496,13421528.7421136,22613.57158776
2020-12-04 19:00:00,596.97233942,5205197.73496241,8921.33482876
2020-12-05 19:00:00,601.9,8731326.88838444,14628.4584247
2020-12-06 19:00:00,591.02320424,4388328.73090444,7389.75410611
2020-12-07 19:00:00,555.22718756,9887433.22209671,17307.52119345
2020-12-08 19:00:00,573.41522245,14894852.80626332,26853.96247463
2020-12-09 19:00:00,558.42211212,9266605.06794191,16503.08728348
2020-12-10 19:00:00,544.23055418,11884924.99741788,21805.81218999
2020-12-11 19:00:00,567.551,7371302.21664507,13193.84455413
2020-12-12 19:00:00,590.74341879,11695654.09642602,20145.18565522
2020-12-13 19:00:00,586.26723343,6978165.16725621,11925.28988739
2020-12-14 19:00:00,588.69714517,8833079.74970739,15039.65910018
2020-12-15 19:00:00,637.73989601,16506443.60438603,26999.83420189
2020-12-16 19:00:00,643.17675088,28263017.06838258,43492.14959621
2020-12-17 19:00:00,653.60729073,15181631.87067677,23554.7185184
2020-12-18 19:00:00,658.89028105,11152222.0835886,16975.62004401
2020-12-19 19:00:00,638.39537087,12523157.07987914,19327.21334392
2020-12-20 19:00:00,608,15916235.76960272,25756.22838894
2020-12-21 19:00:00,636.98492048,13633713.24869175,22141.30915861
2020-12-22 19:00:00,585.89013233,22794133.8745204,37677.41623603
2020-12-23 19:00:00,612.43357726,11868067.35494332,20101.99817278
2020-12-24 19:00:00,626.70586918,15239618.62417132,24560.0901358
2020-12-25 19:00:00,636.3384648,14595967.84903807,23068.80672117
2020-12-26 19:00:00,684.69387755,31111202.51571874,46473.56520663
2020-12-27 19:00:00,730.50036136,25643346.74405741,35288.70176049
2020-12-28 19:00:00,732.24565334,19198480.12262305,26706.44802689
2020-12-29 19:00:00,752.01221608,18427839.59124189,24939.10907072
2020-12-30 19:00:00,735.97318157,17332146.13161001,23423.9595954
2020-12-31 19:00:00,728.23197054,9281783.74748665,12645.75994356
2021-01-01 19:00:00,774.93193893,14987300.23914598,19781.30532291
2021-01-02 19:00:00,977.82,59174440.32440272,66017.83336483
2021-01-03 19:00:00,1042.58766632,97374702.82756746,96508.9927718
2021-01-04 19:00:00,1100.21671777,64968338.35472239,61514.6250037
2021-01-05 19:00:00,1207.88026087,58865369.46011111,51493.44362766
2021-01-06 19:00:00,1224.81149194,77853283.91929772,63707.69285344
2021-01-07 19:00:00,1217.73312679,85442327.13780664,71637.39756958
2021-01-08 19:00:00,1276.154,48995056.24633804,39936.69564646
2021-01-09 19:00:00,1254,69174404.59947966,53809.46558055
2021-01-10 19:00:00,1088.35144387,132342308.90374786,125958.17279066
2021-01-11 19:00:00,1051.52307022,75746520.81375659,70013.54013598
2021-01-12 19:00:00,1128.90000001,57675990.4937887,54371.71158185
2021-01-13 19:00:00,1232.15631203,75912587.07422443,64857.18506186
2021-01-14 19:00:00,1169.49233581,82230108.18911348,69658.91670214
2021-01-15 19:00:00,1228.23312046,63279772.56888955,51783.71277589
2021-01-16 19:00:00,1232.68216838,30438383.79349173,24973.32331786
2021-01-17 19:00:00,1258.06035656,38811215.254099,31633.03838788
2021-01-18 19:00:00,1366.78917107,85500508.25917283,62198.37793406
2021-01-19 19:00:00,1376.78623762,84202211.05919696,63341.02154849
2021-01-20 19:00:00,1111.26436232,112482326.40145753,90717.8481906
2021-01-21 19:00:00,1233.43518417,74448686.93404183,64429.67854779
2021-01-22 19:00:00,1231.8006297,56760905.43556202,45801.22017363
2021-01-23 19:00:00,1390.48895533,72547098.61651912,54846.23698056
2021-01-24 19:00:00,1318.88817218,82670511.86929695,59035.94779741
2021-01-25 19:00:00,1365.11901674,66288810.26210488,50334.57651294
2021-01-26 19:00:00,1239.22877303,72337264.63581191,56981.1990779
2021-01-27 19:00:00,1328.78320354,53275276.61005269,40759.17570816
2021-01-28 19:00:00,1379,84858991.47496846,62438.54926689
2021-01-29 19:00:00,1377.23589417,43534803.85259217,31967.67952794
2021-01-30 19:00:00,1312.79788473,33764107.30567287,25259.75808263
2021-01-31 19:00:00,1374.48175522,51396281.46091471,38850.38055067
2021-02-01 19:00:00,1512.03040302,89323542.37820703,61660.76834465
2021-02-02 19:00:00,1665.00648597,65086094.73421909,41265.58285677
2021-02-03 19:00:00,1596.27065942,90897114.96375933,55545.40355983
2021-02-04 19:00:00,1720,61040552.76085662,36212.01889897
2021-02-05 19:00:00,1676.21,50540076.35285043,29958.38433178
2021-02-06 19:00:00,1613.953,73749761.8841671,46222.57518872
2021-02-07 19:00:00,1749.06972836,71630403.64426537,42586.49920451
2021-02-08 19:00:00,1768.67182166,79475343.09605658,45286.43607301
2021-02-09 19:00:00,1741.97380824,90469970.18030944,51458.79595622
2021-02-10 19:00:00,1786.57773227,55383775.35746886,31254.02114184
2021-02-11 19:00:00,1840.87352059,77702148.32761467,43347.01791798
2021-02-12 19:00:00,1815.45406357,51043099.15451118,28072.36373089
2021-02-13 19:00:00,1801.00175876,34661608.7212191,19083.71416746
2021-02-14 19:00:00,1778.08063226,72817795.0306487,41379.12378845
2021-02-15 19:00:00,1782.88775383,60139435.56953301,33747.21397513
2021-02-16 19:00:00,1849.69766795,45880527.39217309,25420.39484775
2021-02-17 19:00:00,1942.5,56663935.65708819,29663.40325593
2021-02-18 19:00:00,1955.82109273,37903548.96848791,19555.11231296
2021-02-19 19:00:00,1915.1169559,67730371.41662478,34349.32770453
2021-02-20 19:00:00,1933.19334906,37574809.20779975,19362.41004651
2021-02-21 19:00:00,1777.38195189,112638977.23128013,63493.61267144
2021-02-22 19:00:00,1577.93691934,137902419.11292678,89152.3219973
2021-02-23 19:00:00,1622.73926608,62586114.19579762,38521.21620898
2021-02-24 19:00:00,1481.85657531,52167143.97336162,32787.78835511
2021-02-25 19:00:00,1445.97891587,75092712.89148802,50688.4468678
2021-02-26 19:00:00,1458.53162225,46389825.0178282,31222.861423
2021-02-27 19:00:00,1418.70032156,72390176.39724743,52805.49982143
2021-02-28 19:00:00,1570.54960018,58426504.80435333,38901.67033273
2021-03-01 19:00:00,1486.12138805,55551973.1290686,36121.03749989
2021-03-02 19:00:00,1567.72102014,49601841.1270963,31234.42054669
2021-03-03 19:00:00,1538.38329616,45760135.54306549,29387.82147865
2021-03-04 19:00:00,1527.84605917,47395719.28483599,31801.25779633
2021-03-05 19:00:00,1650.39093186,39583869.37592895,25042.71625645
2021-03-06 19:00:00,1725.64570921,40434459.36590606,24302.88224037
2021-03-07 19:00:00,1832.43165891,45846500.523774,26384.92304801
2021-03-08 19:00:00,1871.05460665,36700493.0560134,20047.53835632
2021-03-09 19:00:00,1794.28532655,42210604.93310448,23162.60379217
2021-03-10 19:00:00,1825.718,40550711.45422124,22637.32015685
2021-03-11 19:00:00,1766.14223868,36259775.58363261,20440.70548999
2021-03-12 19:00:00,1921.32183401,39646671.37602093,21527.5500326
2021-03-13 19:00:00,1849.01512316,26432863.9662582,14014.99878146
2021-03-14 20:00:00,1794.63385562,36857074.95417303,20424.74062375
2021-03-15 20:00:00,1805.09411163,35664364.86172202,20070.73538571
2021-03-16 20:00:00,1823.25752348,29765805.25212484,16656.82083987
2021-03-17 20:00:00,1776.56976733,18722823.36544109,10334.61065653
2021-03-18 20:00:00,1810.26567284,27360239.72171723,15133.32763133
2021-03-19 20:00:00,1805.84990438,31985262.0159398,17456.49666584
2021-03-20 20:00:00,1784.10476241,33251103.93382256,18635.30656839
2021-03-21 20:00:00,1681.04923717,27570812.45630042,15716.27663535
2021-03-22 20:00:00,1668.06093381,30733094.95267595,18194.4717224
2021-03-23 20:00:00,1582.57627149,29453797.21058188,17684.54662683
2021-03-24 20:00:00,1586.57780344,33916129.77058568,21380.6736031
2021-03-25 20:00:00,1698.92496065,17532677.64091432,10676.23969276
2021-03-26 20:00:00,1712.87116422,26420993.36748591,15547.31738519
2021-03-27 20:00:00,1686.76798515,18052570.65196459,10628.95440905
2021-03-28 20:00:00,1817.4,40168036.70083591,23027.07434931
2021-03-29 20:00:00,1840.77016053,16783371.20969107,9198.44409146
2021-03-30 20:00:00,1897.7085586,32171199.78669617,17531.86370433
